notice_ref,authority,published,days_since_recall,product,brand_or_model,gtin,gtin_valid,arm,marketplace,arm_state,arm_coverage_pct,arm_verdict,row_tier,found_by_query,discard_reasons,hazard
OR/00089/26,SAFETY_GATE,2026-07-31,19,Røgsky,"0163-F2-5300,",5714217873573,yes,US,amazon.com,DEGRADED,55,NOT_FOUND,AMBER,both,AMBER,"The fireworks may burst or eject burning material outside the designated safety distance of 8 m, causing eye injuries and/or burns to the user or bystanders. Moreover, the product's fuse may not ignite. The user may decide to reignite parts of the product, which poses a risk of burns and/or eye injuries."
OR/00089/26,SAFETY_GATE,2026-07-31,19,Røgsky,"0163-F2-5300,",5714217873573,yes,DE,kaufland.de,MEASURED,97,NOT_FOUND,AMBER,both,AMBER,"The fireworks may burst or eject burning material outside the designated safety distance of 8 m, causing eye injuries and/or burns to the user or bystanders. Moreover, the product's fuse may not ignite. The user may decide to reignite parts of the product, which poses a risk of burns and/or eye injuries."
OR/00089/26,SAFETY_GATE,2026-07-31,19,Røgsky,"0163-F2-5300,",5714217873573,yes,IN,flipkart.com,MEASURED,93,NOT_FOUND,AMBER,both,AMBER,"The fireworks may burst or eject burning material outside the designated safety distance of 8 m, causing eye injuries and/or burns to the user or bystanders. Moreover, the product's fuse may not ignite. The user may decide to reignite parts of the product, which poses a risk of burns and/or eye injuries."
OR/00091/26,SAFETY_GATE,2026-07-31,19,Mandrill,"0163-F2-4419,",5710247214072,yes,US,amazon.com,DEGRADED,55,NOT_FOUND,AMBER,both,AMBER,"The fireworks may burst or release burning material outside the safety distance of 8 m or below a height of 3 m, causing burns or eye injuries. This can lead to injuries, burns and damage to sight. Furthermore, the sound pressure level is too high, which can cause damage to hearing."
OR/00091/26,SAFETY_GATE,2026-07-31,19,Mandrill,"0163-F2-4419,",5710247214072,yes,DE,kaufland.de,MEASURED,97,NOT_FOUND,AMBER,both,AMBER,"The fireworks may burst or release burning material outside the safety distance of 8 m or below a height of 3 m, causing burns or eye injuries. This can lead to injuries, burns and damage to sight. Furthermore, the sound pressure level is too high, which can cause damage to hearing."
OR/00091/26,SAFETY_GATE,2026-07-31,19,Mandrill,"0163-F2-4419,",5710247214072,yes,IN,flipkart.com,MEASURED,93,NOT_FOUND,AMBER,both,AMBER,"The fireworks may burst or release burning material outside the safety distance of 8 m or below a height of 3 m, causing burns or eye injuries. This can lead to injuries, burns and damage to sight. Furthermore, the sound pressure level is too high, which can cause damage to hearing."
SR/02005/26,SAFETY_GATE,2026-07-17,33,200 L,BTDB200WW,6920452022174,yes,US,amazon.com,DEGRADED,55,NOT_FOUND,AMBER,both,AMBER,"The structure of the socket allows single-pole insertion of plugs and the protection surface of the plug's face is insufficient. Moreover, the wires can be pulled or twisted out of their terminals and the single-layer insulation is insufficient for a Class II appliance, which could lead to exposed live parts. Finally, the insulation does not ensure adequate separation from live (active) parts during the lifetime of the luminaire. The user could touch accessible live parts and receive an electric shock."
SR/02005/26,SAFETY_GATE,2026-07-17,33,200 L,BTDB200WW,6920452022174,yes,DE,kaufland.de,MEASURED,97,NOT_FOUND,AMBER,both,AMBER,"The structure of the socket allows single-pole insertion of plugs and the protection surface of the plug's face is insufficient. Moreover, the wires can be pulled or twisted out of their terminals and the single-layer insulation is insufficient for a Class II appliance, which could lead to exposed live parts. Finally, the insulation does not ensure adequate separation from live (active) parts during the lifetime of the luminaire. The user could touch accessible live parts and receive an electric shock."
SR/02005/26,SAFETY_GATE,2026-07-17,33,200 L,BTDB200WW,6920452022174,yes,IN,flipkart.com,MEASURED,93,NOT_FOUND,AMBER,both,AMBER,"The structure of the socket allows single-pole insertion of plugs and the protection surface of the plug's face is insufficient. Moreover, the wires can be pulled or twisted out of their terminals and the single-layer insulation is insufficient for a Class II appliance, which could lead to exposed live parts. Finally, the insulation does not ensure adequate separation from live (active) parts during the lifetime of the luminaire. The user could touch accessible live parts and receive an electric shock."
SR/02019/26,SAFETY_GATE,2026-07-17,33,Fouet inox nylon,HO203897,3616180381722,yes,US,amazon.com,DEGRADED,55,NOT_FOUND,AMBER,both,AMBER,"The product has aromatic amines. When in direct and prolonged contact with the skin, the aromatic amines may be absorbed by the skin. Aromatic amines can cause cancer, cell mutations and affect reproduction."
SR/02019/26,SAFETY_GATE,2026-07-17,33,Fouet inox nylon,HO203897,3616180381722,yes,DE,kaufland.de,MEASURED,97,NOT_FOUND,AMBER,both,AMBER,"The product has aromatic amines. When in direct and prolonged contact with the skin, the aromatic amines may be absorbed by the skin. Aromatic amines can cause cancer, cell mutations and affect reproduction."
SR/02019/26,SAFETY_GATE,2026-07-17,33,Fouet inox nylon,HO203897,3616180381722,yes,IN,flipkart.com,MEASURED,93,NOT_FOUND,AMBER,both,AMBER,"The product has aromatic amines. When in direct and prolonged contact with the skin, the aromatic amines may be absorbed by the skin. Aromatic amines can cause cancer, cell mutations and affect reproduction."
SR/02027/26,SAFETY_GATE,2026-07-17,33,Puro Slider,SQ-903,8056351975186,yes,US,amazon.com,DEGRADED,55,NOT_FOUND,AMBER,both,AMBER,"In the event of an impact, the helmet could easily become detached and slip off the head of the user, leaving it exposed to injuries."
SR/02027/26,SAFETY_GATE,2026-07-17,33,Puro Slider,SQ-903,8056351975186,yes,DE,kaufland.de,MEASURED,97,NOT_FOUND,AMBER,both,AMBER,"In the event of an impact, the helmet could easily become detached and slip off the head of the user, leaving it exposed to injuries."
SR/02027/26,SAFETY_GATE,2026-07-17,33,Puro Slider,SQ-903,8056351975186,yes,IN,flipkart.com,MEASURED,93,NOT_FOUND,AMBER,both,AMBER,"In the event of an impact, the helmet could easily become detached and slip off the head of the user, leaving it exposed to injuries."
SR/02033/26,SAFETY_GATE,2026-07-17,33,Super Strike,511292,6412165112926,yes,US,amazon.com,DEGRADED,55,NOT_FOUND,AMBER,both,AMBER,The toy has small parts (the suction cups) that can easily detach. A small child could put them in their mouth and choke.
SR/02033/26,SAFETY_GATE,2026-07-17,33,Super Strike,511292,6412165112926,yes,DE,kaufland.de,MEASURED,97,NOT_FOUND,AMBER,both,AMBER,The toy has small parts (the suction cups) that can easily detach. A small child could put them in their mouth and choke.
SR/02033/26,SAFETY_GATE,2026-07-17,33,Super Strike,511292,6412165112926,yes,IN,flipkart.com,MEASURED,93,NOT_FOUND,AMBER,both,AMBER,The toy has small parts (the suction cups) that can easily detach. A small child could put them in their mouth and choke.
SR/02035/26,SAFETY_GATE,2026-07-17,33,SLIME LALKA,BPLA1306,5904326471306,yes,US,amazon.com,DEGRADED,55,NOT_FOUND,AMBER,both,AMBER,The migration of boron from the toy slime is too high (measured value up to 795 mg/kg). Ingestion or contact with an excessive quantity of boron may harm the health of children by damaging their reproductive system.
SR/02035/26,SAFETY_GATE,2026-07-17,33,SLIME LALKA,BPLA1306,5904326471306,yes,DE,kaufland.de,MEASURED,97,NOT_FOUND,AMBER,both,AMBER,The migration of boron from the toy slime is too high (measured value up to 795 mg/kg). Ingestion or contact with an excessive quantity of boron may harm the health of children by damaging their reproductive system.
SR/02035/26,SAFETY_GATE,2026-07-17,33,SLIME LALKA,BPLA1306,5904326471306,yes,IN,flipkart.com,MEASURED,93,NOT_FOUND,AMBER,both,AMBER,The migration of boron from the toy slime is too high (measured value up to 795 mg/kg). Ingestion or contact with an excessive quantity of boron may harm the health of children by damaging their reproductive system.
SR/01957/26,SAFETY_GATE,2026-07-10,40,Water pump,STAR25/6A,5065014385104,yes,US,amazon.com,DEGRADED,55,NOT_FOUND,AMBER,both,AMBER,"Due to incorrect mains electrical coupling, the product poses a risk of electric shock to the user."
SR/01957/26,SAFETY_GATE,2026-07-10,40,Water pump,STAR25/6A,5065014385104,yes,DE,kaufland.de,MEASURED,97,NOT_FOUND,AMBER,both,AMBER,"Due to incorrect mains electrical coupling, the product poses a risk of electric shock to the user."
SR/01957/26,SAFETY_GATE,2026-07-10,40,Water pump,STAR25/6A,5065014385104,yes,IN,flipkart.com,MEASURED,93,NOT_FOUND,AMBER,both,AMBER,"Due to incorrect mains electrical coupling, the product poses a risk of electric shock to the user."
SR/01963/26,SAFETY_GATE,2026-07-10,40,Sand-filled toy,967176,4032722967176,yes,US,amazon.com,DEGRADED,55,NOT_FOUND,AMBER,both,AMBER,The toy could rupture and the filling of the inside could come out. The sand inside contains asbestos. Asbestos could cause cancer.
SR/01963/26,SAFETY_GATE,2026-07-10,40,Sand-filled toy,967176,4032722967176,yes,DE,kaufland.de,MEASURED,97,NOT_FOUND,AMBER,both,AMBER,The toy could rupture and the filling of the inside could come out. The sand inside contains asbestos. Asbestos could cause cancer.
SR/01963/26,SAFETY_GATE,2026-07-10,40,Sand-filled toy,967176,4032722967176,yes,IN,flipkart.com,MEASURED,93,NOT_FOUND,AMBER,both,AMBER,The toy could rupture and the filling of the inside could come out. The sand inside contains asbestos. Asbestos could cause cancer.
SR/01980/26,SAFETY_GATE,2026-07-10,40,MAGNETIC,8888,5906826474191,yes,US,amazon.com,DEGRADED,55,NOT_FOUND,AMBER,both,AMBER,"The toy consists of small magnets with high magnetic flux (measured value up to 289 kG²mm²). If a child swallows them, they could attract one another causing intestinal blockage or perforation."
SR/01980/26,SAFETY_GATE,2026-07-10,40,MAGNETIC,8888,5906826474191,yes,DE,kaufland.de,MEASURED,97,NOT_FOUND,AMBER,both,AMBER,"The toy consists of small magnets with high magnetic flux (measured value up to 289 kG²mm²). If a child swallows them, they could attract one another causing intestinal blockage or perforation."
SR/01980/26,SAFETY_GATE,2026-07-10,40,MAGNETIC,8888,5906826474191,yes,IN,flipkart.com,MEASURED,93,NOT_FOUND,AMBER,both,AMBER,"The toy consists of small magnets with high magnetic flux (measured value up to 289 kG²mm²). If a child swallows them, they could attract one another causing intestinal blockage or perforation."
SR/01984/26,SAFETY_GATE,2026-07-10,40,ECLAIRAGE LED / LED LIGHTING,45989,3700369444565,yes,US,amazon.com,DEGRADED,55,NOT_FOUND,AMBER,both,AMBER,"Due to inadequate moisture protection and insulation of the product, the user can receive an electric shock."
SR/01984/26,SAFETY_GATE,2026-07-10,40,ECLAIRAGE LED / LED LIGHTING,45989,3700369444565,yes,DE,kaufland.de,MEASURED,97,NOT_FOUND,AMBER,both,AMBER,"Due to inadequate moisture protection and insulation of the product, the user can receive an electric shock."
SR/01984/26,SAFETY_GATE,2026-07-10,40,ECLAIRAGE LED / LED LIGHTING,45989,3700369444565,yes,IN,flipkart.com,MEASURED,93,NOT_FOUND,AMBER,both,AMBER,"Due to inadequate moisture protection and insulation of the product, the user can receive an electric shock."
SR/01625/26,SAFETY_GATE,2026-06-12,68,THE NEW FRAGRANCE FOR MEN,B976-2,6936664319520,yes,US,amazon.com,DEGRADED,55,NOT_FOUND,AMBER,both,AMBER,"The product contains allergenic fragrances, which are not mentioned in the list of ingredients. Failure to mention the presence of an allergenic fragrance in the labelling in leave-on products may cause dermatitis/eczema, or more serious skin reactions in already sensitized persons."
SR/01625/26,SAFETY_GATE,2026-06-12,68,THE NEW FRAGRANCE FOR MEN,B976-2,6936664319520,yes,DE,kaufland.de,MEASURED,97,NOT_FOUND,AMBER,both,AMBER,"The product contains allergenic fragrances, which are not mentioned in the list of ingredients. Failure to mention the presence of an allergenic fragrance in the labelling in leave-on products may cause dermatitis/eczema, or more serious skin reactions in already sensitized persons."
SR/01625/26,SAFETY_GATE,2026-06-12,68,THE NEW FRAGRANCE FOR MEN,B976-2,6936664319520,yes,IN,flipkart.com,MEASURED,93,NOT_FOUND,AMBER,both,AMBER,"The product contains allergenic fragrances, which are not mentioned in the list of ingredients. Failure to mention the presence of an allergenic fragrance in the labelling in leave-on products may cause dermatitis/eczema, or more serious skin reactions in already sensitized persons."
SR/01628/26,SAFETY_GATE,2026-06-12,68,Base Rubber Care con cheratina e Vitamina E Neutral,RUB,8034135962430,yes,US,amazon.com,DEGRADED,55,NOT_FOUND,AMBER,both,AMBER,"According to the list of ingredients, the product contains Diphenyl(2,4,6-trimethylbenzoyl)phosphine oxide (TPO), which is prohibited in cosmetic products. TPO may harm the reproductive system, may harm the health of the unborn child and may cause allergic skin reactions."
SR/01628/26,SAFETY_GATE,2026-06-12,68,Base Rubber Care con cheratina e Vitamina E Neutral,RUB,8034135962430,yes,DE,kaufland.de,MEASURED,97,NOT_FOUND,AMBER,both,AMBER,"According to the list of ingredients, the product contains Diphenyl(2,4,6-trimethylbenzoyl)phosphine oxide (TPO), which is prohibited in cosmetic products. TPO may harm the reproductive system, may harm the health of the unborn child and may cause allergic skin reactions."
SR/01628/26,SAFETY_GATE,2026-06-12,68,Base Rubber Care con cheratina e Vitamina E Neutral,RUB,8034135962430,yes,IN,flipkart.com,MEASURED,93,NOT_FOUND,AMBER,both,AMBER,"According to the list of ingredients, the product contains Diphenyl(2,4,6-trimethylbenzoyl)phosphine oxide (TPO), which is prohibited in cosmetic products. TPO may harm the reproductive system, may harm the health of the unborn child and may cause allergic skin reactions."
SR/01631/26,SAFETY_GATE,2026-06-12,68,Arancio Energy,,,no,US,amazon.com,DEGRADED,55,NOT_FOUND,DISCARDED,,,"According to the list of ingredients, the product contains Diphenyl(2,4,6-trimethylbenzoyl)phosphine oxide (TPO), which is prohibited in cosmetic products. TPO may harm the reproductive system, may harm the health of the unborn child and may cause allergic skin reactions."
SR/01631/26,SAFETY_GATE,2026-06-12,68,Arancio Energy,,,no,DE,kaufland.de,MEASURED,97,NOT_FOUND,DISCARDED,,,"According to the list of ingredients, the product contains Diphenyl(2,4,6-trimethylbenzoyl)phosphine oxide (TPO), which is prohibited in cosmetic products. TPO may harm the reproductive system, may harm the health of the unborn child and may cause allergic skin reactions."
SR/01631/26,SAFETY_GATE,2026-06-12,68,Arancio Energy,,,no,IN,flipkart.com,MEASURED,93,NOT_FOUND,DISCARDED,,,"According to the list of ingredients, the product contains Diphenyl(2,4,6-trimethylbenzoyl)phosphine oxide (TPO), which is prohibited in cosmetic products. TPO may harm the reproductive system, may harm the health of the unborn child and may cause allergic skin reactions."
SR/01632/26,SAFETY_GATE,2026-06-12,68,THE MONSTERS - Have a Seat Vinyl Plush Blind Box,12402230008,6941848255204,yes,US,amazon.com,DEGRADED,55,NOT_FOUND,AMBER,both,AMBER,"The plastic material of the product has an excessive concentration of bis(2-ethylhexyl) phthalate (DEHP) (measured value up to 43.4% by weight). These phthalates may harm the health of children, causing possible damage to their reproductive system."
SR/01632/26,SAFETY_GATE,2026-06-12,68,THE MONSTERS - Have a Seat Vinyl Plush Blind Box,12402230008,6941848255204,yes,DE,kaufland.de,MEASURED,97,NOT_FOUND,AMBER,both,AMBER,"The plastic material of the product has an excessive concentration of bis(2-ethylhexyl) phthalate (DEHP) (measured value up to 43.4% by weight). These phthalates may harm the health of children, causing possible damage to their reproductive system."
SR/01632/26,SAFETY_GATE,2026-06-12,68,THE MONSTERS - Have a Seat Vinyl Plush Blind Box,12402230008,6941848255204,yes,IN,flipkart.com,MEASURED,93,NOT_FOUND,AMBER,both,AMBER,"The plastic material of the product has an excessive concentration of bis(2-ethylhexyl) phthalate (DEHP) (measured value up to 43.4% by weight). These phthalates may harm the health of children, causing possible damage to their reproductive system."
SR/01637/26,SAFETY_GATE,2026-06-12,68,Rosè,Gel,8034108163451,yes,US,amazon.com,DEGRADED,55,NOT_FOUND,AMBER,both,AMBER,"According to the list of ingredients, the product contains Diphenyl(2,4,6-trimethylbenzoyl)phosphine oxide (TPO), which is prohibited in cosmetic products. TPO may harm the reproductive system, may harm the health of the unborn child and may cause allergic skin reactions."
SR/01637/26,SAFETY_GATE,2026-06-12,68,Rosè,Gel,8034108163451,yes,DE,kaufland.de,MEASURED,97,NOT_FOUND,AMBER,both,AMBER,"According to the list of ingredients, the product contains Diphenyl(2,4,6-trimethylbenzoyl)phosphine oxide (TPO), which is prohibited in cosmetic products. TPO may harm the reproductive system, may harm the health of the unborn child and may cause allergic skin reactions."
SR/01637/26,SAFETY_GATE,2026-06-12,68,Rosè,Gel,8034108163451,yes,IN,flipkart.com,MEASURED,93,NOT_FOUND,AMBER,both,AMBER,"According to the list of ingredients, the product contains Diphenyl(2,4,6-trimethylbenzoyl)phosphine oxide (TPO), which is prohibited in cosmetic products. TPO may harm the reproductive system, may harm the health of the unborn child and may cause allergic skin reactions."
SR/01639/26,SAFETY_GATE,2026-06-12,68,Train en bois lapin,942112,8053735018170,yes,US,amazon.com,DEGRADED,55,NOT_FOUND,AMBER,both,AMBER,The product has small parts (wooden dowel pins coupling the train parts) that can easily detach. Small children may put them in the mouth and choke.
SR/01639/26,SAFETY_GATE,2026-06-12,68,Train en bois lapin,942112,8053735018170,yes,DE,kaufland.de,MEASURED,97,NOT_FOUND,AMBER,both,AMBER,The product has small parts (wooden dowel pins coupling the train parts) that can easily detach. Small children may put them in the mouth and choke.
SR/01639/26,SAFETY_GATE,2026-06-12,68,Train en bois lapin,942112,8053735018170,yes,IN,flipkart.com,MEASURED,93,NOT_FOUND,AMBER,both,AMBER,The product has small parts (wooden dowel pins coupling the train parts) that can easily detach. Small children may put them in the mouth and choke.
SR/01652/26,SAFETY_GATE,2026-06-12,68,Viola Glamour,194,8034108163574,yes,US,amazon.com,DEGRADED,55,NOT_FOUND,AMBER,both,AMBER,"According to the list of ingredients, the product contains Diphenyl(2,4,6-trimethylbenzoyl)phosphine oxide (TPO), which is prohibited in cosmetic products. TPO may harm the reproductive system, may harm the health of the unborn child and may cause allergic skin reactions."
SR/01652/26,SAFETY_GATE,2026-06-12,68,Viola Glamour,194,8034108163574,yes,DE,kaufland.de,MEASURED,97,NOT_FOUND,AMBER,both,AMBER,"According to the list of ingredients, the product contains Diphenyl(2,4,6-trimethylbenzoyl)phosphine oxide (TPO), which is prohibited in cosmetic products. TPO may harm the reproductive system, may harm the health of the unborn child and may cause allergic skin reactions."
SR/01652/26,SAFETY_GATE,2026-06-12,68,Viola Glamour,194,8034108163574,yes,IN,flipkart.com,MEASURED,93,NOT_FOUND,AMBER,both,AMBER,"According to the list of ingredients, the product contains Diphenyl(2,4,6-trimethylbenzoyl)phosphine oxide (TPO), which is prohibited in cosmetic products. TPO may harm the reproductive system, may harm the health of the unborn child and may cause allergic skin reactions."
SR/01653/26,SAFETY_GATE,2026-06-12,68,Viola profondo,190,8034108163635,yes,US,amazon.com,DEGRADED,55,NOT_FOUND,AMBER,both,AMBER,"According to the list of ingredients, the product contains Diphenyl(2,4,6-trimethylbenzoyl)phosphine oxide (TPO), which is prohibited in cosmetic products. TPO may harm the reproductive system, may harm the health of the unborn child and may cause allergic skin reactions."
SR/01653/26,SAFETY_GATE,2026-06-12,68,Viola profondo,190,8034108163635,yes,DE,kaufland.de,MEASURED,97,NOT_FOUND,AMBER,both,AMBER,"According to the list of ingredients, the product contains Diphenyl(2,4,6-trimethylbenzoyl)phosphine oxide (TPO), which is prohibited in cosmetic products. TPO may harm the reproductive system, may harm the health of the unborn child and may cause allergic skin reactions."
SR/01653/26,SAFETY_GATE,2026-06-12,68,Viola profondo,190,8034108163635,yes,IN,flipkart.com,MEASURED,93,NOT_FOUND,AMBER,both,AMBER,"According to the list of ingredients, the product contains Diphenyl(2,4,6-trimethylbenzoyl)phosphine oxide (TPO), which is prohibited in cosmetic products. TPO may harm the reproductive system, may harm the health of the unborn child and may cause allergic skin reactions."
SR/01655/26,SAFETY_GATE,2026-06-12,68,"NIC SALTS, POWERED BY ELFBAR",GRAPE,4895261107126,yes,US,amazon.com,DEGRADED,55,NOT_FOUND,AMBER,both,AMBER,"The product has an excessive concentration of nicotine (50mg/ml). This could lead to the accidental consumption of a high dose of nicotine. Nicotine is acutely toxic and can endanger the user’s safety, notably if the product comes into contact with the skin or is ingested."
SR/01655/26,SAFETY_GATE,2026-06-12,68,"NIC SALTS, POWERED BY ELFBAR",GRAPE,4895261107126,yes,DE,kaufland.de,MEASURED,97,NOT_FOUND,AMBER,both,AMBER,"The product has an excessive concentration of nicotine (50mg/ml). This could lead to the accidental consumption of a high dose of nicotine. Nicotine is acutely toxic and can endanger the user’s safety, notably if the product comes into contact with the skin or is ingested."
SR/01655/26,SAFETY_GATE,2026-06-12,68,"NIC SALTS, POWERED BY ELFBAR",GRAPE,4895261107126,yes,IN,flipkart.com,MEASURED,93,NOT_FOUND,AMBER,both,AMBER,"The product has an excessive concentration of nicotine (50mg/ml). This could lead to the accidental consumption of a high dose of nicotine. Nicotine is acutely toxic and can endanger the user’s safety, notably if the product comes into contact with the skin or is ingested."
SR/01657/26,SAFETY_GATE,2026-06-12,68,"NIC SALTS, POWERED BY ELFBAR",DOUBLE,4895261107119,yes,US,amazon.com,DEGRADED,55,NOT_FOUND,AMBER,both,AMBER,"The product has an excessive concentration of nicotine (50mg/ml). This could lead to the accidental consumption of a high dose of nicotine. Nicotine is acutely toxic and can endanger the user’s safety, notably if the product comes into contact with the skin or is ingested."
SR/01657/26,SAFETY_GATE,2026-06-12,68,"NIC SALTS, POWERED BY ELFBAR",DOUBLE,4895261107119,yes,DE,kaufland.de,MEASURED,97,NOT_FOUND,AMBER,both,AMBER,"The product has an excessive concentration of nicotine (50mg/ml). This could lead to the accidental consumption of a high dose of nicotine. Nicotine is acutely toxic and can endanger the user’s safety, notably if the product comes into contact with the skin or is ingested."
SR/01657/26,SAFETY_GATE,2026-06-12,68,"NIC SALTS, POWERED BY ELFBAR",DOUBLE,4895261107119,yes,IN,flipkart.com,MEASURED,93,NOT_FOUND,AMBER,both,AMBER,"The product has an excessive concentration of nicotine (50mg/ml). This could lead to the accidental consumption of a high dose of nicotine. Nicotine is acutely toxic and can endanger the user’s safety, notably if the product comes into contact with the skin or is ingested."
SR/01663/26,SAFETY_GATE,2026-06-12,68,Base Rubber - Nude,8533,8056600796319,yes,US,amazon.com,DEGRADED,55,NOT_FOUND,AMBER,both,AMBER,"According to the list of ingredients, the product contains Diphenyl(2,4,6-trimethylbenzoyl)phosphine oxide (TPO), which is prohibited in cosmetic products. TPO may harm the reproductive system, may harm the health of the unborn child and may cause allergic skin reactions."
SR/01663/26,SAFETY_GATE,2026-06-12,68,Base Rubber - Nude,8533,8056600796319,yes,DE,kaufland.de,MEASURED,97,NOT_FOUND,AMBER,both,AMBER,"According to the list of ingredients, the product contains Diphenyl(2,4,6-trimethylbenzoyl)phosphine oxide (TPO), which is prohibited in cosmetic products. TPO may harm the reproductive system, may harm the health of the unborn child and may cause allergic skin reactions."
SR/01663/26,SAFETY_GATE,2026-06-12,68,Base Rubber - Nude,8533,8056600796319,yes,IN,flipkart.com,MEASURED,93,NOT_FOUND,AMBER,both,AMBER,"According to the list of ingredients, the product contains Diphenyl(2,4,6-trimethylbenzoyl)phosphine oxide (TPO), which is prohibited in cosmetic products. TPO may harm the reproductive system, may harm the health of the unborn child and may cause allergic skin reactions."
SR/01664/26,SAFETY_GATE,2026-06-12,68,Base Rubber - Glitter Pink,8532,8056600796302,yes,US,amazon.com,DEGRADED,55,NOT_FOUND,AMBER,both,AMBER,"According to the list of ingredients, the product contains Diphenyl(2,4,6-trimethylbenzoyl)phosphine oxide (TPO), which is prohibited in cosmetic products. TPO may harm the reproductive system, may harm the health of the unborn child and may cause allergic skin reactions."
SR/01664/26,SAFETY_GATE,2026-06-12,68,Base Rubber - Glitter Pink,8532,8056600796302,yes,DE,kaufland.de,MEASURED,97,NOT_FOUND,AMBER,both,AMBER,"According to the list of ingredients, the product contains Diphenyl(2,4,6-trimethylbenzoyl)phosphine oxide (TPO), which is prohibited in cosmetic products. TPO may harm the reproductive system, may harm the health of the unborn child and may cause allergic skin reactions."
SR/01664/26,SAFETY_GATE,2026-06-12,68,Base Rubber - Glitter Pink,8532,8056600796302,yes,IN,flipkart.com,MEASURED,93,NOT_FOUND,AMBER,both,AMBER,"According to the list of ingredients, the product contains Diphenyl(2,4,6-trimethylbenzoyl)phosphine oxide (TPO), which is prohibited in cosmetic products. TPO may harm the reproductive system, may harm the health of the unborn child and may cause allergic skin reactions."
SR/01666/26,SAFETY_GATE,2026-06-12,68,Base Rubber - Cover Rose,8536,8056600796340,yes,US,amazon.com,DEGRADED,55,NOT_FOUND,AMBER,both,AMBER,"According to the list of ingredients, the product contains Diphenyl(2,4,6-trimethylbenzoyl)phosphine oxide (TPO), which is prohibited in cosmetic products. TPO may harm the reproductive system, may harm the health of the unborn child and may cause allergic skin reactions."
SR/01666/26,SAFETY_GATE,2026-06-12,68,Base Rubber - Cover Rose,8536,8056600796340,yes,DE,kaufland.de,MEASURED,97,NOT_FOUND,AMBER,both,AMBER,"According to the list of ingredients, the product contains Diphenyl(2,4,6-trimethylbenzoyl)phosphine oxide (TPO), which is prohibited in cosmetic products. TPO may harm the reproductive system, may harm the health of the unborn child and may cause allergic skin reactions."
SR/01666/26,SAFETY_GATE,2026-06-12,68,Base Rubber - Cover Rose,8536,8056600796340,yes,IN,flipkart.com,MEASURED,93,NOT_FOUND,AMBER,both,AMBER,"According to the list of ingredients, the product contains Diphenyl(2,4,6-trimethylbenzoyl)phosphine oxide (TPO), which is prohibited in cosmetic products. TPO may harm the reproductive system, may harm the health of the unborn child and may cause allergic skin reactions."
SR/01672/26,SAFETY_GATE,2026-06-12,68,Rosa Reale Metallic,,,no,US,amazon.com,DEGRADED,55,NOT_FOUND,DISCARDED,,,"According to the list of ingredients, the product contains Diphenyl(2,4,6-trimethylbenzoyl)phosphine oxide (TPO), which is prohibited in cosmetic products. TPO may harm the reproductive system, may harm the health of the unborn child and may cause allergic skin reactions."
SR/01672/26,SAFETY_GATE,2026-06-12,68,Rosa Reale Metallic,,,no,DE,kaufland.de,MEASURED,97,NOT_FOUND,DISCARDED,,,"According to the list of ingredients, the product contains Diphenyl(2,4,6-trimethylbenzoyl)phosphine oxide (TPO), which is prohibited in cosmetic products. TPO may harm the reproductive system, may harm the health of the unborn child and may cause allergic skin reactions."
SR/01672/26,SAFETY_GATE,2026-06-12,68,Rosa Reale Metallic,,,no,IN,flipkart.com,MEASURED,93,NOT_FOUND,DISCARDED,,,"According to the list of ingredients, the product contains Diphenyl(2,4,6-trimethylbenzoyl)phosphine oxide (TPO), which is prohibited in cosmetic products. TPO may harm the reproductive system, may harm the health of the unborn child and may cause allergic skin reactions."
SR/01673/26,SAFETY_GATE,2026-06-12,68,Gel Color - Bogotà Blackberry,8207,619828089205,yes,US,amazon.com,DEGRADED,55,NOT_FOUND,AMBER,both,AMBER,"According to the list of ingredients, the product contains Diphenyl(2,4,6-trimethylbenzoyl)phosphine oxide (TPO), which is prohibited in cosmetic products. TPO may harm the reproductive system, may harm the health of the unborn child and may cause allergic skin reactions."
SR/01673/26,SAFETY_GATE,2026-06-12,68,Gel Color - Bogotà Blackberry,8207,619828089205,yes,DE,kaufland.de,MEASURED,97,NOT_FOUND,AMBER,both,AMBER,"According to the list of ingredients, the product contains Diphenyl(2,4,6-trimethylbenzoyl)phosphine oxide (TPO), which is prohibited in cosmetic products. TPO may harm the reproductive system, may harm the health of the unborn child and may cause allergic skin reactions."
SR/01673/26,SAFETY_GATE,2026-06-12,68,Gel Color - Bogotà Blackberry,8207,619828089205,yes,IN,flipkart.com,MEASURED,93,NOT_FOUND,AMBER,both,AMBER,"According to the list of ingredients, the product contains Diphenyl(2,4,6-trimethylbenzoyl)phosphine oxide (TPO), which is prohibited in cosmetic products. TPO may harm the reproductive system, may harm the health of the unborn child and may cause allergic skin reactions."
SR/01677/26,SAFETY_GATE,2026-06-12,68,Coral Bay metallic,Smalto,8034108161396,yes,US,amazon.com,DEGRADED,55,NOT_FOUND,AMBER,both,AMBER,"According to the list of ingredients, the product contains Diphenyl(2,4,6-trimethylbenzoyl)phosphine oxide (TPO), which is prohibited in cosmetic products. TPO may harm the reproductive system, may harm the health of the unborn child and may cause allergic skin reactions."
SR/01677/26,SAFETY_GATE,2026-06-12,68,Coral Bay metallic,Smalto,8034108161396,yes,DE,kaufland.de,MEASURED,97,NOT_FOUND,AMBER,both,AMBER,"According to the list of ingredients, the product contains Diphenyl(2,4,6-trimethylbenzoyl)phosphine oxide (TPO), which is prohibited in cosmetic products. TPO may harm the reproductive system, may harm the health of the unborn child and may cause allergic skin reactions."
SR/01677/26,SAFETY_GATE,2026-06-12,68,Coral Bay metallic,Smalto,8034108161396,yes,IN,flipkart.com,MEASURED,93,NOT_FOUND,AMBER,both,AMBER,"According to the list of ingredients, the product contains Diphenyl(2,4,6-trimethylbenzoyl)phosphine oxide (TPO), which is prohibited in cosmetic products. TPO may harm the reproductive system, may harm the health of the unborn child and may cause allergic skin reactions."
SR/01678/26,SAFETY_GATE,2026-06-12,68,Gel Color - Cajun Shrimp,2059,619828090041,yes,US,amazon.com,DEGRADED,55,NOT_FOUND,AMBER,both,AMBER,"According to the list of ingredients, the product contains Diphenyl(2,4,6-trimethylbenzoyl)phosphine oxide (TPO), which is prohibited in cosmetic products. TPO may harm the reproductive system, may harm the health of the unborn child and may cause allergic skin reactions."
SR/01678/26,SAFETY_GATE,2026-06-12,68,Gel Color - Cajun Shrimp,2059,619828090041,yes,DE,kaufland.de,MEASURED,97,NOT_FOUND,AMBER,both,AMBER,"According to the list of ingredients, the product contains Diphenyl(2,4,6-trimethylbenzoyl)phosphine oxide (TPO), which is prohibited in cosmetic products. TPO may harm the reproductive system, may harm the health of the unborn child and may cause allergic skin reactions."
SR/01678/26,SAFETY_GATE,2026-06-12,68,Gel Color - Cajun Shrimp,2059,619828090041,yes,IN,flipkart.com,MEASURED,93,NOT_FOUND,AMBER,both,AMBER,"According to the list of ingredients, the product contains Diphenyl(2,4,6-trimethylbenzoyl)phosphine oxide (TPO), which is prohibited in cosmetic products. TPO may harm the reproductive system, may harm the health of the unborn child and may cause allergic skin reactions."
SR/01686/26,SAFETY_GATE,2026-06-12,68,Pink Fluo,160,8034135959249,yes,US,amazon.com,DEGRADED,55,NOT_FOUND,AMBER,both,AMBER,"According to the list of ingredients, the product contains Diphenyl(2,4,6-trimethylbenzoyl)phosphine oxide (TPO), which is prohibited in cosmetic products. TPO may harm the reproductive system, may harm the health of the unborn child and may cause allergic skin reactions."
SR/01686/26,SAFETY_GATE,2026-06-12,68,Pink Fluo,160,8034135959249,yes,DE,kaufland.de,MEASURED,97,NOT_FOUND,AMBER,both,AMBER,"According to the list of ingredients, the product contains Diphenyl(2,4,6-trimethylbenzoyl)phosphine oxide (TPO), which is prohibited in cosmetic products. TPO may harm the reproductive system, may harm the health of the unborn child and may cause allergic skin reactions."
SR/01686/26,SAFETY_GATE,2026-06-12,68,Pink Fluo,160,8034135959249,yes,IN,flipkart.com,MEASURED,93,NOT_FOUND,AMBER,both,AMBER,"According to the list of ingredients, the product contains Diphenyl(2,4,6-trimethylbenzoyl)phosphine oxide (TPO), which is prohibited in cosmetic products. TPO may harm the reproductive system, may harm the health of the unborn child and may cause allergic skin reactions."
SR/01691/26,SAFETY_GATE,2026-06-12,68,Viola,191,8034108165394,yes,US,amazon.com,DEGRADED,55,NOT_FOUND,AMBER,both,AMBER,"According to the list of ingredients, the product contains Diphenyl(2,4,6-trimethylbenzoyl)phosphine oxide (TPO), which is prohibited in cosmetic products. TPO may harm the reproductive system, may harm the health of the unborn child and may cause allergic skin reactions."
SR/01691/26,SAFETY_GATE,2026-06-12,68,Viola,191,8034108165394,yes,DE,kaufland.de,MEASURED,97,NOT_FOUND,AMBER,both,AMBER,"According to the list of ingredients, the product contains Diphenyl(2,4,6-trimethylbenzoyl)phosphine oxide (TPO), which is prohibited in cosmetic products. TPO may harm the reproductive system, may harm the health of the unborn child and may cause allergic skin reactions."
SR/01691/26,SAFETY_GATE,2026-06-12,68,Viola,191,8034108165394,yes,IN,flipkart.com,MEASURED,93,NOT_FOUND,AMBER,both,AMBER,"According to the list of ingredients, the product contains Diphenyl(2,4,6-trimethylbenzoyl)phosphine oxide (TPO), which is prohibited in cosmetic products. TPO may harm the reproductive system, may harm the health of the unborn child and may cause allergic skin reactions."
SR/01692/26,SAFETY_GATE,2026-06-12,68,Buider Gel - No Burn Extremely strong,J930,8033065599303,yes,US,amazon.com,DEGRADED,55,NOT_FOUND,AMBER,both,AMBER,"According to the list of ingredients, the product contains Diphenyl(2,4,6-trimethylbenzoyl)phosphine oxide (TPO), which is prohibited in cosmetic products. TPO may harm the reproductive system, may harm the health of the unborn child and may cause allergic skin reactions."
SR/01692/26,SAFETY_GATE,2026-06-12,68,Buider Gel - No Burn Extremely strong,J930,8033065599303,yes,DE,kaufland.de,MEASURED,97,NOT_FOUND,AMBER,both,AMBER,"According to the list of ingredients, the product contains Diphenyl(2,4,6-trimethylbenzoyl)phosphine oxide (TPO), which is prohibited in cosmetic products. TPO may harm the reproductive system, may harm the health of the unborn child and may cause allergic skin reactions."
SR/01692/26,SAFETY_GATE,2026-06-12,68,Buider Gel - No Burn Extremely strong,J930,8033065599303,yes,IN,flipkart.com,MEASURED,93,NOT_FOUND,AMBER,both,AMBER,"According to the list of ingredients, the product contains Diphenyl(2,4,6-trimethylbenzoyl)phosphine oxide (TPO), which is prohibited in cosmetic products. TPO may harm the reproductive system, may harm the health of the unborn child and may cause allergic skin reactions."
SR/01694/26,SAFETY_GATE,2026-06-12,68,Fluo Vernis - Orange Fluo,161,8034135954107,yes,US,amazon.com,DEGRADED,55,NOT_FOUND,AMBER,both,AMBER,"According to the list of ingredients, the product contains Diphenyl(2,4,6-trimethylbenzoyl)phosphine oxide (TPO), which is prohibited in cosmetic products. TPO may harm the reproductive system, may harm the health of the unborn child and may cause allergic skin reactions."
SR/01694/26,SAFETY_GATE,2026-06-12,68,Fluo Vernis - Orange Fluo,161,8034135954107,yes,DE,kaufland.de,MEASURED,97,NOT_FOUND,AMBER,both,AMBER,"According to the list of ingredients, the product contains Diphenyl(2,4,6-trimethylbenzoyl)phosphine oxide (TPO), which is prohibited in cosmetic products. TPO may harm the reproductive system, may harm the health of the unborn child and may cause allergic skin reactions."
SR/01694/26,SAFETY_GATE,2026-06-12,68,Fluo Vernis - Orange Fluo,161,8034135954107,yes,IN,flipkart.com,MEASURED,93,NOT_FOUND,AMBER,both,AMBER,"According to the list of ingredients, the product contains Diphenyl(2,4,6-trimethylbenzoyl)phosphine oxide (TPO), which is prohibited in cosmetic products. TPO may harm the reproductive system, may harm the health of the unborn child and may cause allergic skin reactions."
SR/01696/26,SAFETY_GATE,2026-06-12,68,Bouilloire en verre - Glass electric kettle,MIV-700BE,3770039334014,yes,US,amazon.com,DEGRADED,55,NOT_FOUND,AMBER,both,AMBER,Some parts of the base are not properly insulated from live parts. The base’s plastic casing might easily break upon impact. The user can access live parts and receive an electric shock.
SR/01696/26,SAFETY_GATE,2026-06-12,68,Bouilloire en verre - Glass electric kettle,MIV-700BE,3770039334014,yes,DE,kaufland.de,MEASURED,97,NOT_FOUND,AMBER,both,AMBER,Some parts of the base are not properly insulated from live parts. The base’s plastic casing might easily break upon impact. The user can access live parts and receive an electric shock.
SR/01696/26,SAFETY_GATE,2026-06-12,68,Bouilloire en verre - Glass electric kettle,MIV-700BE,3770039334014,yes,IN,flipkart.com,MEASURED,93,NOT_FOUND,AMBER,both,AMBER,Some parts of the base are not properly insulated from live parts. The base’s plastic casing might easily break upon impact. The user can access live parts and receive an electric shock.
SR/01710/26,SAFETY_GATE,2026-06-12,68,Avalanche transceiver,NEO,3700507913434,yes,US,amazon.com,DEGRADED,55,NOT_FOUND,AMBER,both,AMBER,"The device has a malfunction, which could render it inoperative for signal transmission and the search for a buried victim in the event of an avalanche."
SR/01710/26,SAFETY_GATE,2026-06-12,68,Avalanche transceiver,NEO,3700507913434,yes,DE,kaufland.de,MEASURED,97,NOT_FOUND,AMBER,both,AMBER,"The device has a malfunction, which could render it inoperative for signal transmission and the search for a buried victim in the event of an avalanche."
SR/01710/26,SAFETY_GATE,2026-06-12,68,Avalanche transceiver,NEO,3700507913434,yes,IN,flipkart.com,MEASURED,93,NOT_FOUND,AMBER,both,AMBER,"The device has a malfunction, which could render it inoperative for signal transmission and the search for a buried victim in the event of an avalanche."
SR/01711/26,SAFETY_GATE,2026-06-12,68,Kuromi,KUME,678634521637,yes,US,amazon.com,DEGRADED,55,NOT_FOUND,AMBER,both,AMBER,The product has small parts that can easily detach (round ends of hood cords). Small children may put them in the mouth and choke.
SR/01711/26,SAFETY_GATE,2026-06-12,68,Kuromi,KUME,678634521637,yes,DE,kaufland.de,MEASURED,97,NOT_FOUND,AMBER,both,AMBER,The product has small parts that can easily detach (round ends of hood cords). Small children may put them in the mouth and choke.
SR/01711/26,SAFETY_GATE,2026-06-12,68,Kuromi,KUME,678634521637,yes,IN,flipkart.com,MEASURED,93,NOT_FOUND,AMBER,both,AMBER,The product has small parts that can easily detach (round ends of hood cords). Small children may put them in the mouth and choke.
SR/01715/26,SAFETY_GATE,2026-06-12,68,Base Maxi Cosi FamilyFix Slide Pro,8065057110,8712930022312,yes,US,amazon.com,DEGRADED,55,NOT_FOUND,AMBER,both,AMBER,"A visual indicator on the base may be disturbed if the car seat is not removed in accordance with the instructions. In this case, the indicator may not work as expected on the next installation. This means that even if the indicator is green, the car seat may not be properly attached to the base. This may result in a risk of injury."
SR/01715/26,SAFETY_GATE,2026-06-12,68,Base Maxi Cosi FamilyFix Slide Pro,8065057110,8712930022312,yes,DE,kaufland.de,MEASURED,97,NOT_FOUND,AMBER,both,AMBER,"A visual indicator on the base may be disturbed if the car seat is not removed in accordance with the instructions. In this case, the indicator may not work as expected on the next installation. This means that even if the indicator is green, the car seat may not be properly attached to the base. This may result in a risk of injury."
SR/01715/26,SAFETY_GATE,2026-06-12,68,Base Maxi Cosi FamilyFix Slide Pro,8065057110,8712930022312,yes,IN,flipkart.com,MEASURED,93,NOT_FOUND,AMBER,both,AMBER,"A visual indicator on the base may be disturbed if the car seat is not removed in accordance with the instructions. In this case, the indicator may not work as expected on the next installation. This means that even if the indicator is green, the car seat may not be properly attached to the base. This may result in a risk of injury."
SR/01726/26,SAFETY_GATE,2026-06-12,68,Builder Gel - No burn Extremely Strong 30 ML,J931,8033065599310,yes,US,amazon.com,DEGRADED,55,NOT_FOUND,AMBER,both,AMBER,"According to the list of ingredients, the product contains Diphenyl(2,4,6-trimethylbenzoyl)phosphine oxide (TPO), which is prohibited in cosmetic products. TPO may harm the reproductive system, may harm the health of the unborn child and may cause allergic skin reactions."
SR/01726/26,SAFETY_GATE,2026-06-12,68,Builder Gel - No burn Extremely Strong 30 ML,J931,8033065599310,yes,DE,kaufland.de,MEASURED,97,NOT_FOUND,AMBER,both,AMBER,"According to the list of ingredients, the product contains Diphenyl(2,4,6-trimethylbenzoyl)phosphine oxide (TPO), which is prohibited in cosmetic products. TPO may harm the reproductive system, may harm the health of the unborn child and may cause allergic skin reactions."
SR/01726/26,SAFETY_GATE,2026-06-12,68,Builder Gel - No burn Extremely Strong 30 ML,J931,8033065599310,yes,IN,flipkart.com,MEASURED,93,NOT_FOUND,AMBER,both,AMBER,"According to the list of ingredients, the product contains Diphenyl(2,4,6-trimethylbenzoyl)phosphine oxide (TPO), which is prohibited in cosmetic products. TPO may harm the reproductive system, may harm the health of the unborn child and may cause allergic skin reactions."
OR/00137/25,SAFETY_GATE,2025-09-05,348,Liquide vaiselle,Citron,5902114233389,yes,US,amazon.com,DEGRADED,55,NOT_FOUND,AMBER,both,AMBER,The product has an excessive concentration of a mixture of the preservatives methylchloroisothiazolinone and methylisothiazolinone (MCI/MI) (measured total value 0.00078%). MCI and MI cause severe skin burns and eye damage (if in contact with the eyes) and may cause an allergic skin reaction.
OR/00137/25,SAFETY_GATE,2025-09-05,348,Liquide vaiselle,Citron,5902114233389,yes,DE,kaufland.de,MEASURED,97,NOT_FOUND,AMBER,both,AMBER,The product has an excessive concentration of a mixture of the preservatives methylchloroisothiazolinone and methylisothiazolinone (MCI/MI) (measured total value 0.00078%). MCI and MI cause severe skin burns and eye damage (if in contact with the eyes) and may cause an allergic skin reaction.
OR/00137/25,SAFETY_GATE,2025-09-05,348,Liquide vaiselle,Citron,5902114233389,yes,IN,flipkart.com,MEASURED,93,NOT_FOUND,AMBER,both,AMBER,The product has an excessive concentration of a mixture of the preservatives methylchloroisothiazolinone and methylisothiazolinone (MCI/MI) (measured total value 0.00078%). MCI and MI cause severe skin burns and eye damage (if in contact with the eyes) and may cause an allergic skin reaction.
A12/02501/24,SAFETY_GATE,2024-09-06,712,HAIR COLOR MOUSSE COOL COLORS!,63 silver,5907813184635,yes,US,amazon.com,DEGRADED,55,NOT_FOUND,AMBER,both,AMBER,"According to the list of ingredients, the product contains 2-(4-tert-butylbenzyl)propionaldehyde (BMHCA), which is prohibited in cosmetic products. BMHCA may harm the reproductive system, may harm the health of the unborn child and may cause skin sensitisation."
A12/02501/24,SAFETY_GATE,2024-09-06,712,HAIR COLOR MOUSSE COOL COLORS!,63 silver,5907813184635,yes,DE,kaufland.de,MEASURED,97,NOT_FOUND,AMBER,both,AMBER,"According to the list of ingredients, the product contains 2-(4-tert-butylbenzyl)propionaldehyde (BMHCA), which is prohibited in cosmetic products. BMHCA may harm the reproductive system, may harm the health of the unborn child and may cause skin sensitisation."
A12/02501/24,SAFETY_GATE,2024-09-06,712,HAIR COLOR MOUSSE COOL COLORS!,63 silver,5907813184635,yes,IN,flipkart.com,MEASURED,93,NOT_FOUND,AMBER,both,AMBER,"According to the list of ingredients, the product contains 2-(4-tert-butylbenzyl)propionaldehyde (BMHCA), which is prohibited in cosmetic products. BMHCA may harm the reproductive system, may harm the health of the unborn child and may cause skin sensitisation."
A12/02507/24,SAFETY_GATE,2024-09-06,712,Superfire,HL76,6974760350160,yes,US,amazon.com,DEGRADED,55,NOT_FOUND,AMBER,both,AMBER,"The solders in the product have an excessive concentration of lead (measured value up to 85%). It also contains DBP and DEHP in plastic parts (measured value up to 1,4 and 2,1% respectively). The product contains excessive concentrations of SCCP in plastic (measured value up to 3,4%). Lead poses a risk to the environment. Phthalates poses a risk to human health and the environment. SCCPs persist in the environment, are toxic to aquatic organisms at low concentrations and bio-accumulate in wildlife and humans, posing a risk to human health and the environment. Prolonged exposure to them through the skin may cause cancer."
A12/02507/24,SAFETY_GATE,2024-09-06,712,Superfire,HL76,6974760350160,yes,DE,kaufland.de,MEASURED,97,NOT_FOUND,AMBER,both,AMBER,"The solders in the product have an excessive concentration of lead (measured value up to 85%). It also contains DBP and DEHP in plastic parts (measured value up to 1,4 and 2,1% respectively). The product contains excessive concentrations of SCCP in plastic (measured value up to 3,4%). Lead poses a risk to the environment. Phthalates poses a risk to human health and the environment. SCCPs persist in the environment, are toxic to aquatic organisms at low concentrations and bio-accumulate in wildlife and humans, posing a risk to human health and the environment. Prolonged exposure to them through the skin may cause cancer."
A12/02507/24,SAFETY_GATE,2024-09-06,712,Superfire,HL76,6974760350160,yes,IN,flipkart.com,MEASURED,93,NOT_FOUND,AMBER,both,AMBER,"The solders in the product have an excessive concentration of lead (measured value up to 85%). It also contains DBP and DEHP in plastic parts (measured value up to 1,4 and 2,1% respectively). The product contains excessive concentrations of SCCP in plastic (measured value up to 3,4%). Lead poses a risk to the environment. Phthalates poses a risk to human health and the environment. SCCPs persist in the environment, are toxic to aquatic organisms at low concentrations and bio-accumulate in wildlife and humans, posing a risk to human health and the environment. Prolonged exposure to them through the skin may cause cancer."
A12/02508/24,SAFETY_GATE,2024-09-06,712,Pailetten Lama,49069,5038104490699,yes,US,amazon.com,DEGRADED,55,NOT_FOUND,AMBER,both,AMBER,"The sequins detach easily, creating small parts. Additionally, due to the weakness of the seams, the fibrous stuffing may also be accessible. A small child may put the sequins or the stuffing in the mouth and choke."
A12/02508/24,SAFETY_GATE,2024-09-06,712,Pailetten Lama,49069,5038104490699,yes,DE,kaufland.de,MEASURED,97,NOT_FOUND,AMBER,both,AMBER,"The sequins detach easily, creating small parts. Additionally, due to the weakness of the seams, the fibrous stuffing may also be accessible. A small child may put the sequins or the stuffing in the mouth and choke."
A12/02508/24,SAFETY_GATE,2024-09-06,712,Pailetten Lama,49069,5038104490699,yes,IN,flipkart.com,MEASURED,93,NOT_FOUND,AMBER,both,AMBER,"The sequins detach easily, creating small parts. Additionally, due to the weakness of the seams, the fibrous stuffing may also be accessible. A small child may put the sequins or the stuffing in the mouth and choke."
A12/02511/24,SAFETY_GATE,2024-09-06,712,SNOW AND ICE COLORS,392,8419822977117,yes,US,amazon.com,DEGRADED,55,NOT_FOUND,AMBER,both,AMBER,The plastic material of the product has an excessive concentration of bis(2-ethylhexyl) phthalate (DEHP) (measured value up to: 33.6% by weight). This phthalate may harm the health of children by causing possible damage to their reproductive system.
A12/02511/24,SAFETY_GATE,2024-09-06,712,SNOW AND ICE COLORS,392,8419822977117,yes,DE,kaufland.de,MEASURED,97,NOT_FOUND,AMBER,both,AMBER,The plastic material of the product has an excessive concentration of bis(2-ethylhexyl) phthalate (DEHP) (measured value up to: 33.6% by weight). This phthalate may harm the health of children by causing possible damage to their reproductive system.
A12/02511/24,SAFETY_GATE,2024-09-06,712,SNOW AND ICE COLORS,392,8419822977117,yes,IN,flipkart.com,MEASURED,93,NOT_FOUND,AMBER,both,AMBER,The plastic material of the product has an excessive concentration of bis(2-ethylhexyl) phthalate (DEHP) (measured value up to: 33.6% by weight). This phthalate may harm the health of children by causing possible damage to their reproductive system.
A12/02514/24,SAFETY_GATE,2024-09-06,712,Select 30W,sw30/20230,7340068936235,yes,US,amazon.com,DEGRADED,55,NOT_FOUND,AMBER,both,AMBER,The solders of the product contains excessive concentrations of lead(measured value up to 55.8% by weight). Lead poses a risk to the environment.
A12/02514/24,SAFETY_GATE,2024-09-06,712,Select 30W,sw30/20230,7340068936235,yes,DE,kaufland.de,MEASURED,97,NOT_FOUND,AMBER,both,AMBER,The solders of the product contains excessive concentrations of lead(measured value up to 55.8% by weight). Lead poses a risk to the environment.
A12/02514/24,SAFETY_GATE,2024-09-06,712,Select 30W,sw30/20230,7340068936235,yes,IN,flipkart.com,MEASURED,93,NOT_FOUND,AMBER,both,AMBER,The solders of the product contains excessive concentrations of lead(measured value up to 55.8% by weight). Lead poses a risk to the environment.
A12/02515/24,SAFETY_GATE,2024-09-06,712,Pipande kyckling,83062-1,7333084055691,yes,US,amazon.com,DEGRADED,55,NOT_FOUND,AMBER,both,AMBER,The solders in the product have an excessive concentration of lead (measured value up to 70.5% by weight). Lead poses a risk to the environment.
A12/02515/24,SAFETY_GATE,2024-09-06,712,Pipande kyckling,83062-1,7333084055691,yes,DE,kaufland.de,MEASURED,97,NOT_FOUND,AMBER,both,AMBER,The solders in the product have an excessive concentration of lead (measured value up to 70.5% by weight). Lead poses a risk to the environment.
A12/02515/24,SAFETY_GATE,2024-09-06,712,Pipande kyckling,83062-1,7333084055691,yes,IN,flipkart.com,MEASURED,93,NOT_FOUND,AMBER,both,AMBER,The solders in the product have an excessive concentration of lead (measured value up to 70.5% by weight). Lead poses a risk to the environment.
A12/02517/24,SAFETY_GATE,2024-09-06,712,Hängslen,15284,7330878152840,yes,US,amazon.com,DEGRADED,55,NOT_FOUND,AMBER,both,AMBER,"The red artificial leather detail has excessive concentrations of bis(2-ethylhexyl) phthalate (DEHP), cadmium and short-chain chlorinated paraffins (SCCPs) (measured values up to 5.4%, 0.026% and 2.67% by weight, respectively). DEHP may harm the health by causing possible damage to the reproductive system. Cadmium is harmful to human health because it accumulates in the body, can damage the kidneys and bones and it may cause cancer. SCCPs persist in the environment, are toxic to aquatic organisms at low concentrations and bio-accumulate in wildlife and humans, posing a risk to human health and the environment. Prolonged exposure to them through the skin may cause cancer."
A12/02517/24,SAFETY_GATE,2024-09-06,712,Hängslen,15284,7330878152840,yes,DE,kaufland.de,MEASURED,97,NOT_FOUND,AMBER,both,AMBER,"The red artificial leather detail has excessive concentrations of bis(2-ethylhexyl) phthalate (DEHP), cadmium and short-chain chlorinated paraffins (SCCPs) (measured values up to 5.4%, 0.026% and 2.67% by weight, respectively). DEHP may harm the health by causing possible damage to the reproductive system. Cadmium is harmful to human health because it accumulates in the body, can damage the kidneys and bones and it may cause cancer. SCCPs persist in the environment, are toxic to aquatic organisms at low concentrations and bio-accumulate in wildlife and humans, posing a risk to human health and the environment. Prolonged exposure to them through the skin may cause cancer."
A12/02517/24,SAFETY_GATE,2024-09-06,712,Hängslen,15284,7330878152840,yes,IN,flipkart.com,MEASURED,93,NOT_FOUND,AMBER,both,AMBER,"The red artificial leather detail has excessive concentrations of bis(2-ethylhexyl) phthalate (DEHP), cadmium and short-chain chlorinated paraffins (SCCPs) (measured values up to 5.4%, 0.026% and 2.67% by weight, respectively). DEHP may harm the health by causing possible damage to the reproductive system. Cadmium is harmful to human health because it accumulates in the body, can damage the kidneys and bones and it may cause cancer. SCCPs persist in the environment, are toxic to aquatic organisms at low concentrations and bio-accumulate in wildlife and humans, posing a risk to human health and the environment. Prolonged exposure to them through the skin may cause cancer."
A12/02519/24,SAFETY_GATE,2024-09-06,712,Inflatable toy,780345,5101667803456,yes,US,amazon.com,DEGRADED,55,NOT_FOUND,AMBER,both,AMBER,The plastic material of the toy contains an amount of bis(2-ethylhexyl) phthalate (DEHP) (measured value: 6 % by weight). This phthalate may harm the health by causing possible damage to the reproductive system.
A12/02519/24,SAFETY_GATE,2024-09-06,712,Inflatable toy,780345,5101667803456,yes,DE,kaufland.de,MEASURED,97,NOT_FOUND,AMBER,both,AMBER,The plastic material of the toy contains an amount of bis(2-ethylhexyl) phthalate (DEHP) (measured value: 6 % by weight). This phthalate may harm the health by causing possible damage to the reproductive system.
A12/02519/24,SAFETY_GATE,2024-09-06,712,Inflatable toy,780345,5101667803456,yes,IN,flipkart.com,MEASURED,93,NOT_FOUND,AMBER,both,AMBER,The plastic material of the toy contains an amount of bis(2-ethylhexyl) phthalate (DEHP) (measured value: 6 % by weight). This phthalate may harm the health by causing possible damage to the reproductive system.
A12/02522/24,SAFETY_GATE,2024-09-06,712,Perfume,B886-4,6936664306964,yes,US,amazon.com,DEGRADED,55,NOT_FOUND,AMBER,both,AMBER,"The perfume contains allergenic fragrances d-limonene, linalool, benzyl alcohol, citronellol, geraniol, hydroxycitronellal, cinnamyl alcohol, hexyl cinnamal and benzyl salicylate. These substances, which can induce allergic reactions and sensitisation, are not indicated in the list of ingredients so consumers are not aware of their presence."
A12/02522/24,SAFETY_GATE,2024-09-06,712,Perfume,B886-4,6936664306964,yes,DE,kaufland.de,MEASURED,97,NOT_FOUND,AMBER,both,AMBER,"The perfume contains allergenic fragrances d-limonene, linalool, benzyl alcohol, citronellol, geraniol, hydroxycitronellal, cinnamyl alcohol, hexyl cinnamal and benzyl salicylate. These substances, which can induce allergic reactions and sensitisation, are not indicated in the list of ingredients so consumers are not aware of their presence."
A12/02522/24,SAFETY_GATE,2024-09-06,712,Perfume,B886-4,6936664306964,yes,IN,flipkart.com,MEASURED,93,NOT_FOUND,AMBER,both,AMBER,"The perfume contains allergenic fragrances d-limonene, linalool, benzyl alcohol, citronellol, geraniol, hydroxycitronellal, cinnamyl alcohol, hexyl cinnamal and benzyl salicylate. These substances, which can induce allergic reactions and sensitisation, are not indicated in the list of ingredients so consumers are not aware of their presence."
A12/02523/24,SAFETY_GATE,2024-09-06,712,FLORAL SHOCK,B886-3,6972011066952,yes,US,amazon.com,DEGRADED,55,NOT_FOUND,AMBER,both,AMBER,"The perfume contains allergenic fragrances d-limonene, linalool, benzyl alcohol, citronellol, geraniol, hydroxycitronellal, cinnamyl alcohol, hexyl cinnamal and benzyl salicylate. These substances, which can induce allergic reactions and sensitisation, are not indicated in the list of ingredients so consumers are not aware of their presence."
A12/02523/24,SAFETY_GATE,2024-09-06,712,FLORAL SHOCK,B886-3,6972011066952,yes,DE,kaufland.de,MEASURED,97,NOT_FOUND,AMBER,both,AMBER,"The perfume contains allergenic fragrances d-limonene, linalool, benzyl alcohol, citronellol, geraniol, hydroxycitronellal, cinnamyl alcohol, hexyl cinnamal and benzyl salicylate. These substances, which can induce allergic reactions and sensitisation, are not indicated in the list of ingredients so consumers are not aware of their presence."
A12/02523/24,SAFETY_GATE,2024-09-06,712,FLORAL SHOCK,B886-3,6972011066952,yes,IN,flipkart.com,MEASURED,93,NOT_FOUND,AMBER,both,AMBER,"The perfume contains allergenic fragrances d-limonene, linalool, benzyl alcohol, citronellol, geraniol, hydroxycitronellal, cinnamyl alcohol, hexyl cinnamal and benzyl salicylate. These substances, which can induce allergic reactions and sensitisation, are not indicated in the list of ingredients so consumers are not aware of their presence."
A12/02524/24,SAFETY_GATE,2024-09-06,712,HAIR COLOR MOUSSE COOL COLORS!,68 smoke,5907813186684,yes,US,amazon.com,DEGRADED,55,NOT_FOUND,AMBER,both,AMBER,"According to the list of ingredients, the product contains 2-(4-tert-butylbenzyl) propionaldehyde (BMHCA), which is prohibited in cosmetic products. BMHCA may harm the reproductive system, may harm the health of the unborn child and may cause skin sensitisation."
A12/02524/24,SAFETY_GATE,2024-09-06,712,HAIR COLOR MOUSSE COOL COLORS!,68 smoke,5907813186684,yes,DE,kaufland.de,MEASURED,97,NOT_FOUND,AMBER,both,AMBER,"According to the list of ingredients, the product contains 2-(4-tert-butylbenzyl) propionaldehyde (BMHCA), which is prohibited in cosmetic products. BMHCA may harm the reproductive system, may harm the health of the unborn child and may cause skin sensitisation."
A12/02524/24,SAFETY_GATE,2024-09-06,712,HAIR COLOR MOUSSE COOL COLORS!,68 smoke,5907813186684,yes,IN,flipkart.com,MEASURED,93,NOT_FOUND,AMBER,both,AMBER,"According to the list of ingredients, the product contains 2-(4-tert-butylbenzyl) propionaldehyde (BMHCA), which is prohibited in cosmetic products. BMHCA may harm the reproductive system, may harm the health of the unborn child and may cause skin sensitisation."
A12/02525/24,SAFETY_GATE,2024-09-06,712,HAIR COLOR MOUSSE COOL COLORS!,46 mahogany,5907813184468,yes,US,amazon.com,DEGRADED,55,NOT_FOUND,AMBER,both,AMBER,"According to the list of ingredients, the product contains 2-(4-tert-butylbenzyl) propionaldehyde (BMHCA), which is prohibited in cosmetic products. BMHCA may harm the reproductive system, may harm the health of the unborn child and may cause skin sensitisation."
A12/02525/24,SAFETY_GATE,2024-09-06,712,HAIR COLOR MOUSSE COOL COLORS!,46 mahogany,5907813184468,yes,DE,kaufland.de,MEASURED,97,NOT_FOUND,AMBER,both,AMBER,"According to the list of ingredients, the product contains 2-(4-tert-butylbenzyl) propionaldehyde (BMHCA), which is prohibited in cosmetic products. BMHCA may harm the reproductive system, may harm the health of the unborn child and may cause skin sensitisation."
A12/02525/24,SAFETY_GATE,2024-09-06,712,HAIR COLOR MOUSSE COOL COLORS!,46 mahogany,5907813184468,yes,IN,flipkart.com,MEASURED,93,NOT_FOUND,AMBER,both,AMBER,"According to the list of ingredients, the product contains 2-(4-tert-butylbenzyl) propionaldehyde (BMHCA), which is prohibited in cosmetic products. BMHCA may harm the reproductive system, may harm the health of the unborn child and may cause skin sensitisation."
A12/02526/24,SAFETY_GATE,2024-09-06,712,HAIR COLOR MOUSSE COOL COLORS!,44 burgundy red,5907813184444,yes,US,amazon.com,DEGRADED,55,NOT_FOUND,AMBER,both,AMBER,"According to the list of ingredients, the product contains 2-(4-tert-butylbenzyl) propionaldehyde (BMHCA), which is prohibited in cosmetic products. BMHCA may harm the reproductive system, may harm the health of the unborn child and may cause skin sensitisation."
A12/02526/24,SAFETY_GATE,2024-09-06,712,HAIR COLOR MOUSSE COOL COLORS!,44 burgundy red,5907813184444,yes,DE,kaufland.de,MEASURED,97,NOT_FOUND,AMBER,both,AMBER,"According to the list of ingredients, the product contains 2-(4-tert-butylbenzyl) propionaldehyde (BMHCA), which is prohibited in cosmetic products. BMHCA may harm the reproductive system, may harm the health of the unborn child and may cause skin sensitisation."
A12/02526/24,SAFETY_GATE,2024-09-06,712,HAIR COLOR MOUSSE COOL COLORS!,44 burgundy red,5907813184444,yes,IN,flipkart.com,MEASURED,93,NOT_FOUND,AMBER,both,AMBER,"According to the list of ingredients, the product contains 2-(4-tert-butylbenzyl) propionaldehyde (BMHCA), which is prohibited in cosmetic products. BMHCA may harm the reproductive system, may harm the health of the unborn child and may cause skin sensitisation."
A12/02527/24,SAFETY_GATE,2024-09-06,712,BLACK OPIUM NUIT,B886-1,6937372281338,yes,US,amazon.com,DEGRADED,55,NOT_FOUND,AMBER,both,AMBER,"The perfume contains allergenic fragrances linalool, hydroxycitronellal, cinnamyl alcohol, hexyl cinnamal and benzyl salicylate. These substances, which can induce allergic reactions and sensitisation, are not indicated in the list of ingredients so consumers are not aware of their presence."
A12/02527/24,SAFETY_GATE,2024-09-06,712,BLACK OPIUM NUIT,B886-1,6937372281338,yes,DE,kaufland.de,MEASURED,97,NOT_FOUND,AMBER,both,AMBER,"The perfume contains allergenic fragrances linalool, hydroxycitronellal, cinnamyl alcohol, hexyl cinnamal and benzyl salicylate. These substances, which can induce allergic reactions and sensitisation, are not indicated in the list of ingredients so consumers are not aware of their presence."
A12/02527/24,SAFETY_GATE,2024-09-06,712,BLACK OPIUM NUIT,B886-1,6937372281338,yes,IN,flipkart.com,MEASURED,93,NOT_FOUND,AMBER,both,AMBER,"The perfume contains allergenic fragrances linalool, hydroxycitronellal, cinnamyl alcohol, hexyl cinnamal and benzyl salicylate. These substances, which can induce allergic reactions and sensitisation, are not indicated in the list of ingredients so consumers are not aware of their presence."
A12/02545/24,SAFETY_GATE,2024-09-06,712,Toy slime,783476,5101667834764,yes,US,amazon.com,DEGRADED,55,NOT_FOUND,AMBER,both,AMBER,The migration of boron from the toy slime is too high (measured value: 590 mg/kg). Ingestion or contact with an excessive quantity of boron may harm the health of children by damaging their reproductive system.
A12/02545/24,SAFETY_GATE,2024-09-06,712,Toy slime,783476,5101667834764,yes,DE,kaufland.de,MEASURED,97,NOT_FOUND,AMBER,both,AMBER,The migration of boron from the toy slime is too high (measured value: 590 mg/kg). Ingestion or contact with an excessive quantity of boron may harm the health of children by damaging their reproductive system.
A12/02545/24,SAFETY_GATE,2024-09-06,712,Toy slime,783476,5101667834764,yes,IN,flipkart.com,MEASURED,93,NOT_FOUND,AMBER,both,AMBER,The migration of boron from the toy slime is too high (measured value: 590 mg/kg). Ingestion or contact with an excessive quantity of boron may harm the health of children by damaging their reproductive system.
A12/02549/24,SAFETY_GATE,2024-09-06,712,Amore Di Mamma / Baby Toys FUN AND PUZZLE,1739-1,6845789988682,yes,US,amazon.com,DEGRADED,55,NOT_FOUND,AMBER,both,AMBER,"The plastic material of the doll contains an amount of bis(2-ethylhexyl) phthalate (DEHP) and dibutyl phthalate (DBP) (measured values: 21% and 0.8% by weight, respectively). These phthalates may harm the health of children, causing possible damage to their reproductive system."
A12/02549/24,SAFETY_GATE,2024-09-06,712,Amore Di Mamma / Baby Toys FUN AND PUZZLE,1739-1,6845789988682,yes,DE,kaufland.de,MEASURED,97,NOT_FOUND,AMBER,both,AMBER,"The plastic material of the doll contains an amount of bis(2-ethylhexyl) phthalate (DEHP) and dibutyl phthalate (DBP) (measured values: 21% and 0.8% by weight, respectively). These phthalates may harm the health of children, causing possible damage to their reproductive system."
A12/02549/24,SAFETY_GATE,2024-09-06,712,Amore Di Mamma / Baby Toys FUN AND PUZZLE,1739-1,6845789988682,yes,IN,flipkart.com,MEASURED,93,NOT_FOUND,AMBER,both,AMBER,"The plastic material of the doll contains an amount of bis(2-ethylhexyl) phthalate (DEHP) and dibutyl phthalate (DBP) (measured values: 21% and 0.8% by weight, respectively). These phthalates may harm the health of children, causing possible damage to their reproductive system."
A12/02552/24,SAFETY_GATE,2024-09-06,712,COOL COLORS!,47 copper,5907813184475,yes,US,amazon.com,DEGRADED,55,NOT_FOUND,AMBER,both,AMBER,"According to the list of ingredients, the product contains 2-(4-tert-butylbenzyl) propionaldehyde (BMHCA), which is prohibited in cosmetic products. BMHCA may harm the reproductive system, may harm the health of the unborn child and may cause skin sensitisation."
A12/02552/24,SAFETY_GATE,2024-09-06,712,COOL COLORS!,47 copper,5907813184475,yes,DE,kaufland.de,MEASURED,97,NOT_FOUND,AMBER,both,AMBER,"According to the list of ingredients, the product contains 2-(4-tert-butylbenzyl) propionaldehyde (BMHCA), which is prohibited in cosmetic products. BMHCA may harm the reproductive system, may harm the health of the unborn child and may cause skin sensitisation."
A12/02552/24,SAFETY_GATE,2024-09-06,712,COOL COLORS!,47 copper,5907813184475,yes,IN,flipkart.com,MEASURED,93,NOT_FOUND,AMBER,both,AMBER,"According to the list of ingredients, the product contains 2-(4-tert-butylbenzyl) propionaldehyde (BMHCA), which is prohibited in cosmetic products. BMHCA may harm the reproductive system, may harm the health of the unborn child and may cause skin sensitisation."
A12/02558/24,SAFETY_GATE,2024-09-06,712,Toy slime,783180,5101667831800,yes,US,amazon.com,DEGRADED,55,NOT_FOUND,AMBER,both,AMBER,The migration of boron from the toy slime is too high (measured value: 619 mg/kg). Ingestion or contact with an excessive quantity of boron may harm the health of children by damaging their reproductive system.
A12/02558/24,SAFETY_GATE,2024-09-06,712,Toy slime,783180,5101667831800,yes,DE,kaufland.de,MEASURED,97,NOT_FOUND,AMBER,both,AMBER,The migration of boron from the toy slime is too high (measured value: 619 mg/kg). Ingestion or contact with an excessive quantity of boron may harm the health of children by damaging their reproductive system.
A12/02558/24,SAFETY_GATE,2024-09-06,712,Toy slime,783180,5101667831800,yes,IN,flipkart.com,MEASURED,93,NOT_FOUND,AMBER,both,AMBER,The migration of boron from the toy slime is too high (measured value: 619 mg/kg). Ingestion or contact with an excessive quantity of boron may harm the health of children by damaging their reproductive system.
A12/02945/24,SAFETY_GATE,2024-09-06,712,Plüschtiere,02203,4038732022034,yes,US,amazon.com,DEGRADED,55,NOT_FOUND,AMBER,both,AMBER,"The seam allow access to the stuffing material. A child may put the filling material in the mouth and choke. Moreover, the toy contains small parts (noses) which can easily detach. A small child may put them in the mouth and choke."
A12/02945/24,SAFETY_GATE,2024-09-06,712,Plüschtiere,02203,4038732022034,yes,DE,kaufland.de,MEASURED,97,NOT_FOUND,AMBER,both,AMBER,"The seam allow access to the stuffing material. A child may put the filling material in the mouth and choke. Moreover, the toy contains small parts (noses) which can easily detach. A small child may put them in the mouth and choke."
A12/02945/24,SAFETY_GATE,2024-09-06,712,Plüschtiere,02203,4038732022034,yes,IN,flipkart.com,MEASURED,93,NOT_FOUND,AMBER,both,AMBER,"The seam allow access to the stuffing material. A child may put the filling material in the mouth and choke. Moreover, the toy contains small parts (noses) which can easily detach. A small child may put them in the mouth and choke."
A12/02381/24,SAFETY_GATE,2024-08-30,719,Your fragrance Woman,82411614,737052268675,yes,US,amazon.com,DEGRADED,55,NOT_FOUND,AMBER,both,AMBER,"According to the list of ingredients the product contains 2-(4-tert-butylbenzyl) propionaldehyde (BMHCA), which is prohibited in cosmetic products. BMHCA may harm the reproductive system, may harm the health of the unborn child and may cause skin sensitisation."
A12/02381/24,SAFETY_GATE,2024-08-30,719,Your fragrance Woman,82411614,737052268675,yes,DE,kaufland.de,MEASURED,97,NOT_FOUND,AMBER,both,AMBER,"According to the list of ingredients the product contains 2-(4-tert-butylbenzyl) propionaldehyde (BMHCA), which is prohibited in cosmetic products. BMHCA may harm the reproductive system, may harm the health of the unborn child and may cause skin sensitisation."
A12/02381/24,SAFETY_GATE,2024-08-30,719,Your fragrance Woman,82411614,737052268675,yes,IN,flipkart.com,MEASURED,93,NOT_FOUND,AMBER,both,AMBER,"According to the list of ingredients the product contains 2-(4-tert-butylbenzyl) propionaldehyde (BMHCA), which is prohibited in cosmetic products. BMHCA may harm the reproductive system, may harm the health of the unborn child and may cause skin sensitisation."
A12/02404/24,SAFETY_GATE,2024-08-30,719,Foam mat,12715,605566127156,yes,US,amazon.com,DEGRADED,55,NOT_FOUND,AMBER,both,AMBER,The plastic film covering the foam may peel off in small pieces. A small child may put them in the mouth and choke.
A12/02404/24,SAFETY_GATE,2024-08-30,719,Foam mat,12715,605566127156,yes,DE,kaufland.de,MEASURED,97,NOT_FOUND,AMBER,both,AMBER,The plastic film covering the foam may peel off in small pieces. A small child may put them in the mouth and choke.
A12/02404/24,SAFETY_GATE,2024-08-30,719,Foam mat,12715,605566127156,yes,IN,flipkart.com,MEASURED,93,NOT_FOUND,AMBER,both,AMBER,The plastic film covering the foam may peel off in small pieces. A small child may put them in the mouth and choke.
A12/02462/24,SAFETY_GATE,2024-08-30,719,Happy Glow,123316,7312507120307,yes,US,amazon.com,DEGRADED,55,NOT_FOUND,AMBER,both,AMBER,"The soother's handle can break apart, releasing small parts. A small child may put them in the mouth and choke."
A12/02462/24,SAFETY_GATE,2024-08-30,719,Happy Glow,123316,7312507120307,yes,DE,kaufland.de,MEASURED,97,NOT_FOUND,AMBER,both,AMBER,"The soother's handle can break apart, releasing small parts. A small child may put them in the mouth and choke."
A12/02462/24,SAFETY_GATE,2024-08-30,719,Happy Glow,123316,7312507120307,yes,IN,flipkart.com,MEASURED,93,NOT_FOUND,AMBER,both,AMBER,"The soother's handle can break apart, releasing small parts. A small child may put them in the mouth and choke."
